2018-02-18 00:00:00,8680.27000000
2018-02-17 00:00:00,8246.05000000
2018-02-16 00:00:00,8139.95000000
2018-02-15 00:00:00,7570.40000000
2018-02-14 00:00:00,7286.13000000
2018-02-13 00:00:00,7108.61000000
2018-02-12 00:00:00,6603.70000000
2018-02-11 00:00:00,6850.15000000
2018-02-10 00:00:00,7072.46000000
2018-02-09 00:00:00,6755.16000000
2018-02-08 00:00:00,6722.05000000
2018-02-07 00:00:00,5759.53000000
2018-02-06 00:00:00,5824.67000000
2018-02-05 00:00:00,6544.21000000
2018-02-04 00:00:00,7424.29000000
2018-02-03 00:00:00,7097.12000000
2018-02-02 00:00:00,7179.62000000
2018-02-01 00:00:00,8153.29000000
2018-01-31 00:00:00,8097.68000000
2018-01-30 00:00:00,9030.15000000
2018-01-29 00:00:00,9401.97000000
2018-01-28 00:00:00,9190.63000000
2018-01-27 00:00:00,8976.46000000
2018-01-26 00:00:00,9231.54000000
2018-01-25 00:00:00,8838.04000000
2018-01-24 00:00:00,8869.76000000
2018-01-23 00:00:00,9522.45000000
2018-01-22 00:00:00,10538.09000000
2018-01-21 00:00:00,9555.89000000
2018-01-20 00:00:00,9325.40000000
2018-01-19 00:00:00,9206.16000000
2018-01-18 00:00:00,9306.21000000
2018-01-17 00:00:00,11192.51000000
2018-01-16 00:00:00,11300.22000000
2018-01-15 00:00:00,11797.41000000
2018-01-14 00:00:00,11497.98000000
2018-01-13 00:00:00,11144.19000000
2018-01-12 00:00:00,12427.96000000
2018-01-11 00:00:00,12125.31000000
2018-01-10 00:00:00,12618.13000000
2018-01-09 00:00:00,13490.26000000
2018-01-08 00:00:00,14338.58000000
2018-01-07 00:00:00,14183.30000000
2018-01-06 00:00:00,12725.41000000
2018-01-05 00:00:00,12786.04000000
2018-01-04 00:00:00,12319.79000000
2018-01-03 00:00:00,11391.39000000
2018-01-02 00:00:00,11850.31000000
2018-01-01 00:00:00,10654.40000000
2017-12-31 00:00:00,12247.68000000
2017-12-30 00:00:00,12264.02000000
2017-12-29 00:00:00,13087.45000000
2017-12-28 00:00:00,13259.28000000
2017-12-27 00:00:00,11733.82000000
2017-12-26 00:00:00,11887.31000000
2017-12-25 00:00:00,12503.76000000
2017-12-24 00:00:00,11867.06000000
2017-12-23 00:00:00,13009.24000000
2017-12-22 00:00:00,13961.36000000
2017-12-21 00:00:00,14992.29000000
2017-12-20 00:00:00,15992.44000000
2017-12-19 00:00:00,15992.81000000
2017-12-18 00:00:00,16376.30000000
2017-12-17 00:00:00,14879.76000000
2017-12-16 00:00:00,13832.48000000
2017-12-15 00:00:00,13651.18000000
2017-12-14 00:00:00,14196.48000000
2017-12-13 00:00:00,13863.96000000
2017-12-12 00:00:00,12669.29000000
2017-12-11 00:00:00,12697.71000000
2017-12-10 00:00:00,13503.35000000
2017-12-09 00:00:00,15046.27000000
2017-12-08 00:00:00,11795.53000000
2017-12-07 00:00:00,9942.29000000
2017-12-06 00:00:00,9755.30000000
2017-12-05 00:00:00,9513.85000000
2017-12-04 00:00:00,9250.96000000
2017-12-03 00:00:00,9176.17000000
2017-12-02 00:00:00,8564.24000000
2017-12-01 00:00:00,8438.79000000
2017-11-30 00:00:00,8311.49000000
2017-11-29 00:00:00,8107.03000000
2017-11-28 00:00:00,7699.62000000
2017-11-27 00:00:00,7273.52000000
2017-11-26 00:00:00,6909.83000000
2017-11-25 00:00:00,6811.82000000
2017-11-24 00:00:00,7010.18000000
2017-11-23 00:00:00,6930.79000000
2017-11-22 00:00:00,7001.29000000
2017-11-21 00:00:00,6793.29000000
2017-11-20 00:00:00,6602.55000000
2017-11-19 00:00:00,6560.64000000
2017-11-18 00:00:00,6645.07000000
2017-11-17 00:00:00,6253.78000000
2017-11-16 00:00:00,5680.15000000
2017-11-15 00:00:00,5662.26000000
2017-11-14 00:00:00,5079.19000000
2017-11-13 00:00:00,5487.15000000
2017-11-12 00:00:00,5710.94000000
2017-11-11 00:00:00,6191.79000000
2017-11-10 00:00:00,6479.81000000
2017-11-09 00:00:00,6178.49000000
2017-11-08 00:00:00,6048.21000000
2017-11-07 00:00:00,6415.64000000
2017-11-06 00:00:00,6384.05000000
2017-11-05 00:00:00,6248.98000000
2017-11-04 00:00:00,6077.35000000
2017-11-03 00:00:00,5870.89000000
2017-11-02 00:00:00,5540.38000000
2017-11-01 00:00:00,5288.64000000
2017-10-31 00:00:00,5275.75000000
2017-10-30 00:00:00,4975.19000000
2017-10-29 00:00:00,5004.47000000
2017-10-28 00:00:00,5071.09000000
2017-10-27 00:00:00,4895.13000000
2017-10-26 00:00:00,4754.15000000
2017-10-25 00:00:00,5006.49000000
2017-10-24 00:00:00,5100.86000000
2017-10-23 00:00:00,5127.37000000
2017-10-22 00:00:00,5065.72000000
2017-10-21 00:00:00,4808.71000000
2017-10-20 00:00:00,4754.53000000
2017-10-19 00:00:00,4758.56000000
2017-10-18 00:00:00,4858.88000000
2017-10-17 00:00:00,4780.31000000
2017-10-16 00:00:00,4884.29000000
2017-10-15 00:00:00,4746.28000000
2017-10-14 00:00:00,4546.49000000
2017-10-13 00:00:00,4061.99000000
2017-10-12 00:00:00,4022.61000000
2017-10-11 00:00:00,4046.34000000
2017-10-10 00:00:00,3883.93000000
2017-10-09 00:00:00,3767.68000000
2017-10-08 00:00:00,3707.64000000
2017-10-07 00:00:00,3682.08000000
2017-10-06 00:00:00,3600.86000000
2017-10-05 00:00:00,3678.23000000
2017-10-04 00:00:00,3743.93000000
2017-10-03 00:00:00,3697.62000000
2017-10-02 00:00:00,3666.89000000
2017-10-01 00:00:00,3517.27000000
2017-09-30 00:00:00,3547.04000000
2017-09-29 00:00:00,3570.58000000
2017-09-28 00:00:00,3284.23000000
2017-09-27 00:00:00,3316.26000000
2017-09-26 00:00:00,3093.01000000
2017-09-25 00:00:00,3182.26000000
2017-09-24 00:00:00,3055.18000000
2017-09-23 00:00:00,3045.85000000
2017-09-22 00:00:00,3264.22000000
2017-09-21 00:00:00,3274.26000000
2017-09-20 00:00:00,3454.42000000
2017-09-19 00:00:00,3112.56000000
2017-09-18 00:00:00,3125.83000000
2017-09-17 00:00:00,3157.37000000
2017-09-16 00:00:00,2735.87000000
2017-09-15 00:00:00,3250.09000000
2017-09-14 00:00:00,3492.99000000
2017-09-13 00:00:00,3544.73000000
2017-09-12 00:00:00,3578.29000000
2017-09-11 00:00:00,3635.77000000
2017-09-10 00:00:00,3662.21000000
2017-09-09 00:00:00,3883.01000000
2017-09-08 00:00:00,3912.34000000
2017-09-07 00:00:00,3780.82000000
2017-09-06 00:00:00,3672.46000000
2017-09-05 00:00:00,3924.31000000
2017-09-04 00:00:00,3893.78000000
2017-09-03 00:00:00,4145.42000000
2017-09-02 00:00:00,3983.95000000
2017-09-01 00:00:00,3839.76000000
2017-08-31 00:00:00,3820.26000000
2017-08-30 00:00:00,3671.02000000
2017-08-29 00:00:00,3644.45000000
2017-08-28 00:00:00,3663.49000000
2017-08-27 00:00:00,3681.86000000
2017-08-26 00:00:00,3686.73000000
2017-08-25 00:00:00,3541.95000000
2017-08-24 00:00:00,3500.83000000
2017-08-23 00:00:00,3406.71000000
2017-08-22 00:00:00,3485.58000000
2017-08-21 00:00:00,3555.68000000
2017-08-20 00:00:00,3530.94000000
2017-08-19 00:00:00,3646.62000000
2017-08-18 00:00:00,3733.59000000
2017-08-17 00:00:00,3546.95000000
2017-08-16 00:00:00,3681.48000000
2017-08-15 00:00:00,3458.17000000
2017-08-14 00:00:00,3289.21000000
2017-08-13 00:00:00,3110.91000000
2017-08-12 00:00:00,2916.30000000
2017-08-11 00:00:00,2869.25000000
2017-08-10 00:00:00,2925.29000000
2017-08-09 00:00:00,2874.39000000
2017-08-08 00:00:00,2734.11000000
2017-08-07 00:00:00,2759.23000000
2017-08-06 00:00:00,2431.35000000
2017-08-05 00:00:00,2373.92000000
2017-08-04 00:00:00,2283.06000000
2017-08-03 00:00:00,2328.56000000
2017-08-02 00:00:00,2467.06000000
2017-08-01 00:00:00,2369.13000000
2017-07-31 00:00:00,2318.37000000
2017-07-30 00:00:00,2381.08000000
2017-07-29 00:00:00,2294.55000000
2017-07-28 00:00:00,2184.32000000
2017-07-27 00:00:00,2214.34000000
2017-07-26 00:00:00,2378.55000000
2017-07-25 00:00:00,2363.29000000
2017-07-24 00:00:00,2424.40000000
2017-07-23 00:00:00,2295.68000000
2017-07-22 00:00:00,2436.04000000
2017-07-21 00:00:00,1968.05000000
2017-07-20 00:00:00,2011.31000000
2017-07-19 00:00:00,1934.48000000
2017-07-18 00:00:00,1670.64000000
2017-07-17 00:00:00,1725.15000000
2017-07-16 00:00:00,1940.75000000
2017-07-15 00:00:00,2053.46000000
2017-07-14 00:00:00,2090.75000000
2017-07-13 00:00:00,2022.15000000
2017-07-12 00:00:00,2052.97000000
2017-07-11 00:00:00,2206.51000000
2017-07-10 00:00:00,2244.06000000
2017-07-09 00:00:00,2203.83000000
2017-07-08 00:00:00,2288.03000000
2017-07-07 00:00:00,2296.27000000
2017-07-06 00:00:00,2292.74000000
2017-07-05 00:00:00,2249.87000000
2017-07-04 00:00:00,2201.95000000
2017-07-03 00:00:00,2109.41000000
2017-07-02 00:00:00,2147.76000000
2017-07-01 00:00:00,2217.44000000
2017-06-30 00:00:00,2248.93000000
2017-06-29 00:00:00,2226.80000000
2017-06-28 00:00:00,2142.36000000
2017-06-27 00:00:00,2224.37000000
2017-06-26 00:00:00,2288.28000000
2017-06-25 00:00:00,2404.03000000
2017-06-24 00:00:00,2399.69000000
2017-06-23 00:00:00,2365.30000000
2017-06-22 00:00:00,2440.94000000
2017-06-21 00:00:00,2293.28000000
2017-06-20 00:00:00,2231.08000000
2017-06-19 00:00:00,2356.50000000
2017-06-18 00:00:00,2218.27000000
2017-06-17 00:00:00,2166.59000000
2017-06-16 00:00:00,2206.71000000
2017-06-15 00:00:00,2405.65000000
2017-06-14 00:00:00,2337.44000000
2017-06-13 00:00:00,2607.78000000
2017-06-12 00:00:00,2522.92000000
2017-06-11 00:00:00,2534.67000000
2017-06-10 00:00:00,2506.41000000
2017-06-09 00:00:00,2411.65000000
2017-06-08 00:00:00,2553.86000000
2017-06-07 00:00:00,2392.58000000
2017-06-06 00:00:00,2246.48000000
2017-06-05 00:00:00,2269.98000000
2017-06-04 00:00:00,2220.76000000
2017-06-03 00:00:00,2132.19000000
2017-06-02 00:00:00,2051.72000000
2017-06-01 00:00:00,1923.75000000
2017-05-31 00:00:00,2043.19000000
2017-05-30 00:00:00,1902.86000000
2017-05-29 00:00:00,1800.97000000
2017-05-28 00:00:00,1986.17000000
2017-05-27 00:00:00,1998.17000000
2017-05-26 00:00:00,2124.19000000
2017-05-25 00:00:00,1995.49000000
2017-05-24 00:00:00,1858.53000000
2017-05-23 00:00:00,1803.60000000
2017-05-22 00:00:00,1805.73000000
2017-05-21 00:00:00,1751.84000000
2017-05-20 00:00:00,1704.02000000
2017-05-19 00:00:00,1648.68000000
2017-05-18 00:00:00,1604.20000000
2017-05-17 00:00:00,1598.45000000
2017-05-16 00:00:00,1641.25000000
2017-05-15 00:00:00,1637.80000000
2017-05-14 00:00:00,1557.80000000
2017-05-13 00:00:00,1690.57000000
2017-05-12 00:00:00,1634.72000000
2017-05-11 00:00:00,1572.26000000
2017-05-10 00:00:00,1513.65000000
2017-05-09 00:00:00,1418.82000000
2017-05-08 00:00:00,1407.38000000
2017-05-07 00:00:00,1378.04000000
2017-05-06 00:00:00,1385.32000000
2017-05-05 00:00:00,1376.41000000
2017-05-04 00:00:00,1317.71000000
2017-05-03 00:00:00,1258.54000000
2017-05-02 00:00:00,1226.32000000
2017-05-01 00:00:00,1214.95000000
2017-04-30 00:00:00,1213.03000000
2017-04-29 00:00:00,1214.77000000
2017-04-28 00:00:00,1182.07000000
2017-04-27 00:00:00,1168.51000000
2017-04-26 00:00:00,1155.50000000
2017-04-25 00:00:00,1143.71000000
2017-04-24 00:00:00,1150.00000000
2017-04-23 00:00:00,1158.34000000
2017-04-22 00:00:00,1152.22000000
2017-04-21 00:00:00,1127.57000000
2017-04-20 00:00:00,1121.99000000
2017-04-19 00:00:00,1116.08000000
2017-04-18 00:00:00,1109.93000000
2017-04-17 00:00:00,1098.70000000
2017-04-16 00:00:00,1111.42000000
2017-04-15 00:00:00,1103.49000000
2017-04-14 00:00:00,1138.22000000
2017-04-13 00:00:00,1150.08000000
2017-04-12 00:00:00,1134.48000000
2017-04-11 00:00:00,1131.66000000
2017-04-10 00:00:00,1113.81000000
2017-04-09 00:00:00,1123.86000000
2017-04-08 00:00:00,1127.15000000
2017-04-07 00:00:00,1060.21000000
2017-04-06 00:00:00,1065.98000000
2017-04-05 00:00:00,1073.27000000
2017-04-04 00:00:00,1028.39000000
2017-04-03 00:00:00,1018.38000000
2017-04-02 00:00:00,1006.92000000
2017-04-01 00:00:00,963.70000000
2017-03-31 00:00:00,960.89000000
2017-03-30 00:00:00,959.37000000
2017-03-29 00:00:00,953.97000000
2017-03-28 00:00:00,884.57000000
2017-03-27 00:00:00,878.53000000
2017-03-26 00:00:00,858.40000000
2017-03-25 00:00:00,952.73000000
2017-03-24 00:00:00,957.05000000
2017-03-23 00:00:00,1024.58000000
2017-03-22 00:00:00,959.48000000
2017-03-21 00:00:00,944.86000000
2017-03-20 00:00:00,883.13000000
2017-03-19 00:00:00,994.87000000
2017-03-18 00:00:00,1078.74000000
2017-03-17 00:00:00,1169.90000000
2017-03-16 00:00:00,1166.83000000
2017-03-15 00:00:00,1157.07000000
2017-03-14 00:00:00,1148.07000000
2017-03-13 00:00:00,1105.85000000
2017-03-12 00:00:00,1045.90000000
2017-03-11 00:00:00,1127.61000000
2017-03-10 00:00:00,1073.95000000
2017-03-09 00:00:00,1167.45000000
2017-03-08 00:00:00,1209.10000000
2017-03-07 00:00:00,1192.98000000
2017-03-06 00:00:00,1189.72000000
2017-03-05 00:00:00,1210.20000000
2017-03-04 00:00:00,1193.46000000
2017-03-03 00:00:00,1156.18000000
2017-03-02 00:00:00,1119.77000000
2017-03-01 00:00:00,1124.17000000
2017-02-28 00:00:00,1110.13000000
2017-02-27 00:00:00,1090.37000000
2017-02-26 00:00:00,1119.65000000
2017-02-25 00:00:00,1113.34000000
2017-02-24 00:00:00,1065.55000000
2017-02-23 00:00:00,1063.66000000
2017-02-22 00:00:00,1019.55000000
2017-02-21 00:00:00,991.58000000
2017-02-20 00:00:00,998.12000000
2017-02-19 00:00:00,993.00000000
2017-02-18 00:00:00,979.32000000
2017-02-17 00:00:00,958.91000000
2017-02-16 00:00:00,957.38000000
2017-02-15 00:00:00,944.51000000
2017-02-14 00:00:00,945.91000000
2017-02-13 00:00:00,950.40000000
2017-02-12 00:00:00,940.80000000
2017-02-11 00:00:00,921.34000000
2017-02-10 00:00:00,990.85000000
2017-02-09 00:00:00,987.91000000
2017-02-08 00:00:00,953.77000000
2017-02-07 00:00:00,943.85000000
2017-02-06 00:00:00,959.79000000
2017-02-05 00:00:00,942.19000000
2017-02-04 00:00:00,938.11000000
2017-02-03 00:00:00,918.95000000
2017-02-02 00:00:00,900.53000000
2017-02-01 00:00:00,861.99000000
2017-01-31 00:00:00,856.49000000
2017-01-30 00:00:00,861.51000000
2017-01-29 00:00:00,860.77000000
2017-01-28 00:00:00,859.85000000
2017-01-27 00:00:00,836.72000000
2017-01-26 00:00:00,838.05000000
2017-01-25 00:00:00,862.57000000
2017-01-24 00:00:00,862.01000000
2017-01-23 00:00:00,864.59000000
2017-01-22 00:00:00,841.11000000
2017-01-21 00:00:00,843.65000000
2017-01-20 00:00:00,827.91000000
2017-01-19 00:00:00,855.16000000
2017-01-18 00:00:00,789.56000000
2017-01-17 00:00:00,777.51000000
2017-01-16 00:00:00,770.39000000
2017-01-15 00:00:00,781.57000000
2017-01-14 00:00:00,771.50000000
2017-01-13 00:00:00,750.87000000
2017-01-12 00:00:00,866.43000000
2017-01-11 00:00:00,859.78000000
2017-01-10 00:00:00,866.14000000
2017-01-09 00:00:00,854.12000000
2017-01-08 00:00:00,846.85000000
2017-01-07 00:00:00,941.38000000
2017-01-06 00:00:00,1073.81000000
2017-01-05 00:00:00,990.37000000
2017-01-04 00:00:00,973.48000000
2017-01-03 00:00:00,946.47000000
2017-01-02 00:00:00,913.70000000
2017-01-01 00:00:00,913.45000000
2016-12-31 00:00:00,930.84000000
2016-12-30 00:00:00,936.44000000
2016-12-29 00:00:00,888.46000000
2016-12-28 00:00:00,863.07000000
2016-12-27 00:00:00,858.60000000
2016-12-26 00:00:00,855.02000000
2016-12-25 00:00:00,881.88000000
2016-12-24 00:00:00,825.53000000
2016-12-23 00:00:00,796.26000000
2016-12-22 00:00:00,776.29000000
2016-12-21 00:00:00,764.64000000
2016-12-20 00:00:00,759.18000000
2016-12-19 00:00:00,760.05000000
2016-12-18 00:00:00,752.86000000
2016-12-17 00:00:00,747.91000000
2016-12-16 00:00:00,739.26000000
2016-12-15 00:00:00,740.04000000
2016-12-14 00:00:00,739.27000000
2016-12-13 00:00:00,740.66000000
2016-12-12 00:00:00,736.74000000
2016-12-11 00:00:00,734.11000000
2016-12-10 00:00:00,730.17000000
2016-12-09 00:00:00,722.18000000
2016-12-08 00:00:00,717.94000000
2016-12-07 00:00:00,714.70000000
2016-12-06 00:00:00,732.25000000
2016-12-05 00:00:00,727.75000000
2016-12-04 00:00:00,730.59000000
2016-12-03 00:00:00,709.97000000
2016-12-02 00:00:00,703.65000000
2016-12-01 00:00:00,691.61000000
2016-11-30 00:00:00,695.09000000
2016-11-29 00:00:00,693.33000000
2016-11-28 00:00:00,696.55000000
2016-11-27 00:00:00,701.90000000
2016-11-26 00:00:00,700.76000000
2016-11-25 00:00:00,705.33000000
2016-11-24 00:00:00,707.35000000
2016-11-23 00:00:00,694.84000000
2016-11-22 00:00:00,688.20000000
2016-11-21 00:00:00,708.45000000
2016-11-20 00:00:00,704.57000000
2016-11-19 00:00:00,694.20000000
2016-11-18 00:00:00,694.09000000
2016-11-17 00:00:00,663.66000000
2016-11-16 00:00:00,657.94000000
2016-11-15 00:00:00,647.24000000
2016-11-14 00:00:00,647.53000000
2016-11-13 00:00:00,660.61000000
2016-11-12 00:00:00,657.80000000
2016-11-11 00:00:00,661.01000000
2016-11-10 00:00:00,646.54000000
2016-11-09 00:00:00,637.74000000
2016-11-08 00:00:00,639.95000000
2016-11-07 00:00:00,631.84000000
2016-11-06 00:00:00,632.02000000
2016-11-05 00:00:00,618.44000000
2016-11-04 00:00:00,662.53000000
2016-11-03 00:00:00,658.54000000
2016-11-02 00:00:00,634.14000000
2016-11-01 00:00:00,628.48000000
2016-10-31 00:00:00,645.13000000
2016-10-30 00:00:00,628.12000000
2016-10-29 00:00:00,628.72000000
2016-10-28 00:00:00,620.56000000
2016-10-27 00:00:00,601.59000000
2016-10-26 00:00:00,600.17000000
2016-10-25 00:00:00,599.90000000
2016-10-24 00:00:00,601.69000000
2016-10-23 00:00:00,582.17000000
2016-10-22 00:00:00,579.09000000
2016-10-21 00:00:00,576.29000000
2016-10-20 00:00:00,582.04000000
2016-10-19 00:00:00,581.18000000
2016-10-18 00:00:00,585.22000000
2016-10-17 00:00:00,582.64000000
2016-10-16 00:00:00,583.05000000
2016-10-15 00:00:00,574.85000000
2016-10-14 00:00:00,579.33000000
2016-10-13 00:00:00,582.24000000
2016-10-12 00:00:00,556.09000000
2016-10-11 00:00:00,552.88000000
2016-10-10 00:00:00,555.59000000
2016-10-09 00:00:00,556.12000000
2016-10-08 00:00:00,550.68000000
2016-10-07 00:00:00,549.96000000
2016-10-06 00:00:00,546.71000000
2016-10-05 00:00:00,546.90000000
2016-10-04 00:00:00,545.72000000
2016-10-03 00:00:00,549.89000000
2016-10-02 00:00:00,545.30000000
2016-10-01 00:00:00,540.34000000
2016-09-30 00:00:00,541.75000000
2016-09-29 00:00:00,542.14000000
2016-09-28 00:00:00,541.30000000
2016-09-27 00:00:00,536.01000000
2016-09-26 00:00:00,539.34000000
2016-09-25 00:00:00,537.90000000
2016-09-24 00:00:00,531.30000000
2016-09-23 00:00:00,533.97000000
2016-09-22 00:00:00,544.62000000
2016-09-21 00:00:00,543.91000000
2016-09-20 00:00:00,545.16000000
2016-09-19 00:00:00,542.79000000
2016-09-18 00:00:00,544.21000000
2016-09-17 00:00:00,541.64000000
2016-09-16 00:00:00,544.00000000
2016-09-15 00:00:00,544.45000000
2016-09-14 00:00:00,541.30000000
2016-09-13 00:00:00,539.56000000
2016-09-12 00:00:00,556.53000000
2016-09-11 00:00:00,554.62000000
2016-09-10 00:00:00,556.03000000
2016-09-09 00:00:00,547.18000000
2016-09-08 00:00:00,542.75000000
2016-09-07 00:00:00,542.18000000
2016-09-06 00:00:00,542.00000000
2016-09-05 00:00:00,531.48000000
2016-09-04 00:00:00,513.85000000
2016-09-03 00:00:00,510.22000000
2016-09-02 00:00:00,513.07000000
2016-09-01 00:00:00,516.43000000
2016-08-31 00:00:00,512.32000000
2016-08-30 00:00:00,511.98000000
2016-08-29 00:00:00,508.91000000
2016-08-28 00:00:00,516.42000000
2016-08-27 00:00:00,511.39000000
2016-08-26 00:00:00,515.00000000
2016-08-25 00:00:00,516.06000000
2016-08-24 00:00:00,519.16000000
2016-08-23 00:00:00,513.72000000
2016-08-22 00:00:00,515.09000000
2016-08-21 00:00:00,509.32000000
2016-08-20 00:00:00,507.43000000
2016-08-19 00:00:00,508.65000000
2016-08-18 00:00:00,515.92000000
2016-08-17 00:00:00,509.21000000
2016-08-16 00:00:00,510.88000000
2016-08-15 00:00:00,525.39000000
2016-08-14 00:00:00,527.15000000
2016-08-13 00:00:00,529.85000000
2016-08-12 00:00:00,530.47000000
2016-08-11 00:00:00,531.42000000
2016-08-10 00:00:00,537.13000000
2016-08-09 00:00:00,539.90000000
2016-08-08 00:00:00,534.73000000
2016-08-07 00:00:00,522.72000000
2016-08-06 00:00:00,524.54000000
2016-08-05 00:00:00,509.90000000
2016-08-04 00:00:00,457.19000000
2016-08-03 00:00:00,535.12000000
2016-08-02 00:00:00,555.89000000
2016-08-01 00:00:00,585.32000000
2016-07-31 00:00:00,588.61000000
2016-07-30 00:00:00,591.92000000
2016-07-29 00:00:00,593.15000000
2016-07-28 00:00:00,594.11000000
2016-07-27 00:00:00,594.34000000
2016-07-26 00:00:00,603.10000000
2016-07-25 00:00:00,600.93000000
2016-07-24 00:00:00,594.42000000
2016-07-23 00:00:00,604.08000000
2016-07-22 00:00:00,606.22000000
2016-07-21 00:00:00,611.56000000
2016-07-20 00:00:00,610.71000000
2016-07-19 00:00:00,614.50000000
2016-07-18 00:00:00,603.56000000
2016-07-17 00:00:00,604.76000000
2016-07-16 00:00:00,597.15000000
2016-07-15 00:00:00,598.04000000
2016-07-14 00:00:00,610.55000000
2016-07-13 00:00:00,589.05000000
2016-07-12 00:00:00,589.18000000
2016-07-11 00:00:00,595.04000000
2016-07-10 00:00:00,606.77000000
2016-07-09 00:00:00,581.37000000
2016-07-08 00:00:00,613.05000000
2016-07-07 00:00:00,608.31000000
2016-07-06 00:00:00,611.72000000
2016-07-05 00:00:00,599.40000000
2016-07-04 00:00:00,630.64000000
2016-07-03 00:00:00,609.29000000
2016-07-02 00:00:00,607.76000000
2016-07-01 00:00:00,575.33000000
2016-06-30 00:00:00,587.50000000
2016-06-29 00:00:00,592.13000000
2016-06-28 00:00:00,574.82000000
2016-06-27 00:00:00,608.11000000
2016-06-26 00:00:00,605.31000000
2016-06-25 00:00:00,550.64000000
2016-06-24 00:00:00,527.59000000
2016-06-23 00:00:00,597.47000000
2016-06-22 00:00:00,648.84000000
2016-06-21 00:00:00,676.87000000
2016-06-20 00:00:00,672.90000000
2016-06-19 00:00:00,664.31000000
2016-06-18 00:00:00,683.49000000
2016-06-17 00:00:00,617.05000000
2016-06-16 00:00:00,613.28000000
2016-06-15 00:00:00,623.02000000
2016-06-14 00:00:00,592.24000000
2016-06-13 00:00:00,529.18000000
2016-06-12 00:00:00,515.56000000
2016-06-11 00:00:00,509.93000000
2016-06-10 00:00:00,510.30000000
2016-06-09 00:00:00,508.62000000
2016-06-08 00:00:00,514.35000000
2016-06-07 00:00:00,506.19000000
2016-06-06 00:00:00,504.86000000
2016-06-05 00:00:00,500.79000000
2016-06-04 00:00:00,482.39000000
2016-06-03 00:00:00,480.81000000
2016-06-02 00:00:00,477.49000000
2016-06-01 00:00:00,476.46000000
2016-05-31 00:00:00,465.49000000
2016-05-30 00:00:00,471.08000000
2016-05-29 00:00:00,423.33000000
2016-05-28 00:00:00,404.15000000
2016-05-27 00:00:00,402.43000000
2016-05-26 00:00:00,399.38000000
2016-05-25 00:00:00,394.80000000
2016-05-24 00:00:00,391.66000000
2016-05-23 00:00:00,395.61000000
2016-05-22 00:00:00,395.47000000
2016-05-21 00:00:00,393.49000000
2016-05-20 00:00:00,403.60000000
2016-05-19 00:00:00,402.41000000
2016-05-18 00:00:00,401.91000000
2016-05-17 00:00:00,404.94000000
2016-05-16 00:00:00,403.34000000
2016-05-15 00:00:00,403.42000000
2016-05-14 00:00:00,400.65000000
2016-05-13 00:00:00,397.24000000
2016-05-12 00:00:00,397.21000000
2016-05-11 00:00:00,406.71000000
2016-05-10 00:00:00,402.66000000
2016-05-09 00:00:00,403.05000000
2016-05-08 00:00:00,404.14000000
2016-05-07 00:00:00,394.08000000
2016-05-06 00:00:00,389.94000000
2016-05-05 00:00:00,393.34000000
2016-05-04 00:00:00,387.01000000
2016-05-03 00:00:00,395.39000000
2016-05-02 00:00:00,391.17000000
2016-05-01 00:00:00,399.16000000
2016-04-30 00:00:00,397.71000000
2016-04-29 00:00:00,396.50000000
2016-04-28 00:00:00,414.23000000
2016-04-27 00:00:00,412.29000000
2016-04-26 00:00:00,408.15000000
2016-04-25 00:00:00,400.93000000
2016-04-24 00:00:00,397.70000000
2016-04-23 00:00:00,398.36000000
2016-04-22 00:00:00,390.89000000
2016-04-21 00:00:00,383.98000000
2016-04-20 00:00:00,379.01000000
2016-04-19 00:00:00,378.39000000
2016-04-18 00:00:00,382.21000000
2016-04-17 00:00:00,380.94000000
2016-04-16 00:00:00,377.09000000
2016-04-15 00:00:00,375.47000000
2016-04-14 00:00:00,374.28000000
2016-04-13 00:00:00,370.90000000
2016-04-12 00:00:00,369.67000000
2016-04-11 00:00:00,368.39000000
2016-04-10 00:00:00,369.12000000
2016-04-09 00:00:00,370.93000000
2016-04-08 00:00:00,371.18000000
2016-04-07 00:00:00,372.66000000
2016-04-06 00:00:00,369.65000000
2016-04-05 00:00:00,369.75000000
2016-04-04 00:00:00,369.95000000
2016-04-03 00:00:00,367.35000000
2016-04-02 00:00:00,367.41000000
2016-04-01 00:00:00,364.78000000
2016-03-31 00:00:00,369.52000000
2016-03-30 00:00:00,378.30000000
2016-03-29 00:00:00,381.55000000
2016-03-28 00:00:00,374.12000000
2016-03-27 00:00:00,373.37000000
2016-03-26 00:00:00,372.43000000
2016-03-25 00:00:00,372.59000000
2016-03-24 00:00:00,371.49000000
2016-03-23 00:00:00,366.87000000
2016-03-22 00:00:00,367.09000000
2016-03-21 00:00:00,364.47000000
2016-03-20 00:00:00,364.43000000
2016-03-19 00:00:00,371.53000000
2016-03-18 00:00:00,372.32000000
2016-03-17 00:00:00,374.07000000
2016-03-16 00:00:00,373.95000000
2016-03-15 00:00:00,367.83000000
2016-03-14 00:00:00,367.35000000
2016-03-13 00:00:00,375.71000000
2016-03-12 00:00:00,373.03000000
2016-03-11 00:00:00,375.02000000
2016-03-10 00:00:00,373.90000000
2016-03-09 00:00:00,375.24000000
2016-03-08 00:00:00,366.46000000
2016-03-07 00:00:00,360.16000000
2016-03-06 00:00:00,371.52000000
2016-03-05 00:00:00,384.18000000
2016-03-04 00:00:00,390.29000000
2016-03-03 00:00:00,397.45000000
2016-03-02 00:00:00,398.29000000
2016-03-01 00:00:00,393.28000000
2016-02-29 00:00:00,393.98000000
2016-02-28 00:00:00,391.06000000
2016-02-27 00:00:00,383.82000000
2016-02-26 00:00:00,383.31000000
2016-02-25 00:00:00,380.85000000
2016-02-24 00:00:00,393.63000000
2016-02-23 00:00:00,391.08000000
2016-02-22 00:00:00,394.96000000
2016-02-21 00:00:00,376.20000000
2016-02-20 00:00:00,379.01000000
2016-02-19 00:00:00,373.62000000
2016-02-18 00:00:00,364.23000000
2016-02-17 00:00:00,357.07000000
2016-02-16 00:00:00,357.96000000
2016-02-15 00:00:00,344.50000000
2016-02-14 00:00:00,339.84000000
2016-02-13 00:00:00,334.10000000
2016-02-12 00:00:00,336.79000000
2016-02-11 00:00:00,333.18000000
2016-02-10 00:00:00,331.90000000
2016-02-09 00:00:00,335.48000000
2016-02-08 00:00:00,336.65000000
2016-02-07 00:00:00,344.77000000
2016-02-06 00:00:00,348.87000000
2016-02-05 00:00:00,333.17000000
2016-02-04 00:00:00,342.95000000
2016-02-03 00:00:00,342.57000000
2016-02-02 00:00:00,343.26000000
2016-02-01 00:00:00,349.27000000
2016-01-31 00:00:00,351.06000000
2016-01-30 00:00:00,348.90000000
2016-01-29 00:00:00,363.67000000
2016-01-28 00:00:00,361.88000000
2016-01-27 00:00:00,363.26000000
2016-01-26 00:00:00,373.67000000
2016-01-25 00:00:00,359.76000000
2016-01-24 00:00:00,358.23000000
2016-01-23 00:00:00,378.66000000
2016-01-22 00:00:00,380.93000000
2016-01-21 00:00:00,349.22000000
2016-01-20 00:00:00,355.22000000
2016-01-19 00:00:00,352.53000000
2016-01-18 00:00:00,356.13000000
2016-01-17 00:00:00,343.91000000
2016-01-16 00:00:00,397.04000000
2016-01-15 00:00:00,399.57000000
2016-01-14 00:00:00,412.73000000
2016-01-13 00:00:00,415.18000000
2016-01-12 00:00:00,410.07000000
2016-01-11 00:00:00,412.17000000
2016-01-10 00:00:00,415.82000000
2016-01-09 00:00:00,419.31000000
2016-01-08 00:00:00,401.23000000
2016-01-07 00:00:00,401.80000000
2016-01-06 00:00:00,400.14000000
2016-01-05 00:00:00,396.66000000
2016-01-04 00:00:00,399.81000000
2016-01-03 00:00:00,400.52000000
2016-01-02 00:00:00,396.94000000
2016-01-01 00:00:00,391.97000000
2015-12-31 00:00:00,395.16000000
2015-12-30 00:00:00,384.32000000
2015-12-29 00:00:00,387.80000000
2015-12-28 00:00:00,381.71000000
2015-12-27 00:00:00,414.88000000
2015-12-26 00:00:00,414.87000000
2015-12-25 00:00:00,405.30000000
2015-12-24 00:00:00,397.60000000
2015-12-23 00:00:00,400.17000000
2015-12-22 00:00:00,407.26000000
2015-12-21 00:00:00,424.75000000
2015-12-20 00:00:00,425.07000000
2015-12-19 00:00:00,418.48000000
2015-12-18 00:00:00,413.98000000
2015-12-17 00:00:00,421.85000000
2015-12-16 00:00:00,401.06000000
2015-12-15 00:00:00,395.59000000
2015-12-14 00:00:00,393.89000000
2015-12-13 00:00:00,404.58000000
2015-12-12 00:00:00,379.72000000
2015-12-11 00:00:00,377.31000000
2015-12-10 00:00:00,376.84000000
2015-12-09 00:00:00,363.80000000
2015-12-08 00:00:00,361.74000000
2015-12-07 00:00:00,352.72000000
2015-12-06 00:00:00,334.91000000
2015-12-05 00:00:00,331.71000000
2015-12-04 00:00:00,339.90000000
2015-12-03 00:00:00,342.33000000
2015-12-02 00:00:00,357.20000000
2015-12-01 00:00:00,351.09000000
2015-11-30 00:00:00,337.09000000
2015-11-29 00:00:00,340.90000000
2015-11-28 00:00:00,336.43000000
2015-11-27 00:00:00,308.84000000
2015-11-26 00:00:00,300.15000000
2015-11-25 00:00:00,304.01000000
2015-11-24 00:00:00,304.27000000
2015-11-23 00:00:00,305.75000000
2015-11-22 00:00:00,301.92000000
2015-11-21 00:00:00,304.28000000
2015-11-20 00:00:00,315.92000000
2015-11-19 00:00:00,314.69000000
2015-11-18 00:00:00,309.68000000
2015-11-17 00:00:00,298.41000000
2015-11-16 00:00:00,309.63000000
2015-11-15 00:00:00,312.61000000
2015-11-14 00:00:00,309.10000000
2015-11-13 00:00:00,286.21000000
2015-11-12 00:00:00,315.33000000
2015-11-11 00:00:00,352.13000000
2015-11-10 00:00:00,346.22000000
2015-11-09 00:00:00,357.93000000
2015-11-08 00:00:00,342.73000000
2015-11-07 00:00:00,349.52000000
2015-11-06 00:00:00,368.09000000
2015-11-05 00:00:00,360.02000000
2015-11-04 00:00:00,318.50000000
2015-11-03 00:00:00,296.09000000
2015-11-02 00:00:00,282.41000000
2015-11-01 00:00:00,296.65000000
2015-10-31 00:00:00,284.68000000
2015-10-30 00:00:00,276.79000000
2015-10-29 00:00:00,265.79000000
2015-10-28 00:00:00,257.79000000
2015-10-27 00:00:00,260.05000000
2015-10-26 00:00:00,255.85000000
2015-10-25 00:00:00,250.32000000
2015-10-24 00:00:00,246.46000000
2015-10-23 00:00:00,234.78000000
2015-10-22 00:00:00,237.44000000
2015-10-21 00:00:00,232.53000000
2015-10-20 00:00:00,229.59000000
2015-10-19 00:00:00,235.51000000
2015-10-18 00:00:00,230.51000000
2015-10-17 00:00:00,223.13000000
2015-10-16 00:00:00,220.17000000
2015-10-15 00:00:00,218.23000000
2015-10-14 00:00:00,216.49000000
2015-10-13 00:00:00,217.26000000
2015-10-12 00:00:00,215.61000000
2015-10-11 00:00:00,215.57000000
2015-10-10 00:00:00,215.38000000
2015-10-09 00:00:00,216.63000000
2015-10-08 00:00:00,218.48000000
2015-10-07 00:00:00,214.49000000
2015-10-06 00:00:00,212.64000000
2015-10-05 00:00:00,212.56000000
2015-10-04 00:00:00,211.22000000
2015-10-03 00:00:00,212.93000000
2015-10-02 00:00:00,211.14000000
2015-10-01 00:00:00,211.19000000
2015-09-30 00:00:00,213.23000000
2015-09-29 00:00:00,207.77000000
2015-09-28 00:00:00,209.17000000
2015-09-27 00:00:00,209.73000000
2015-09-26 00:00:00,208.81000000
2015-09-25 00:00:00,205.53000000
2015-09-24 00:00:00,206.44000000
2015-09-23 00:00:00,202.46000000
2015-09-22 00:00:00,204.80000000
2015-09-21 00:00:00,203.71000000
2015-09-20 00:00:00,205.79000000
2015-09-19 00:00:00,204.49000000
2015-09-18 00:00:00,202.85000000
2015-09-17 00:00:00,204.70000000
2015-09-16 00:00:00,204.14000000
2015-09-15 00:00:00,203.40000000
2015-09-14 00:00:00,209.31000000
2015-09-13 00:00:00,212.81000000
2015-09-12 00:00:00,212.22000000
2015-09-11 00:00:00,213.29000000
2015-09-10 00:00:00,217.95000000
2015-09-09 00:00:00,214.71000000
2015-09-08 00:00:00,215.57000000
2015-09-07 00:00:00,211.32000000
2015-09-06 00:00:00,207.19000000
2015-09-05 00:00:00,203.59000000
2015-09-04 00:00:00,204.71000000
2015-09-03 00:00:00,202.54000000
2015-09-02 00:00:00,206.19000000
2015-09-01 00:00:00,204.65000000
2015-08-31 00:00:00,205.06000000
2015-08-30 00:00:00,208.18000000
2015-08-29 00:00:00,199.84000000
2015-08-28 00:00:00,200.81000000
2015-08-27 00:00:00,194.68000000
2015-08-26 00:00:00,186.01000000
2015-08-25 00:00:00,201.67000000
2015-08-24 00:00:00,204.49000000
2015-08-23 00:00:00,207.26000000
2015-08-22 00:00:00,212.13000000
2015-08-21 00:00:00,206.99000000
2015-08-20 00:00:00,230.01000000
2015-08-19 00:00:00,234.69000000
2015-08-18 00:00:00,236.59000000
2015-08-17 00:00:00,239.01000000
2015-08-16 00:00:00,241.48000000
2015-08-15 00:00:00,238.63000000
2015-08-14 00:00:00,242.77000000
2015-08-13 00:00:00,245.76000000
2015-08-12 00:00:00,241.68000000
2015-08-11 00:00:00,243.91000000
2015-08-10 00:00:00,240.20000000
2015-08-09 00:00:00,256.25000000
2015-08-08 00:00:00,255.71000000
2015-08-07 00:00:00,259.36000000
2015-08-06 00:00:00,261.29000000
2015-08-05 00:00:00,259.15000000
2015-08-04 00:00:00,258.16000000
2015-08-03 00:00:00,258.02000000
2015-08-02 00:00:00,259.32000000
2015-08-01 00:00:00,263.44000000
2015-07-31 00:00:00,262.69000000
2015-07-30 00:00:00,264.96000000
2015-07-29 00:00:00,263.33000000
2015-07-28 00:00:00,263.94000000
2015-07-27 00:00:00,262.29000000
2015-07-26 00:00:00,260.92000000
2015-07-25 00:00:00,251.50000000
2015-07-24 00:00:00,253.17000000
2015-07-23 00:00:00,251.98000000
2015-07-22 00:00:00,255.00000000
2015-07-21 00:00:00,252.70000000
2015-07-20 00:00:00,254.26000000
2015-07-19 00:00:00,257.20000000
2015-07-18 00:00:00,254.96000000
2015-07-17 00:00:00,259.23000000
2015-07-16 00:00:00,260.87000000
2015-07-15 00:00:00,264.02000000
2015-07-14 00:00:00,278.88000000
2015-07-13 00:00:00,262.05000000
2015-07-12 00:00:00,256.45000000
2015-07-11 00:00:00,245.00000000
2015-07-10 00:00:00,243.81000000
2015-07-09 00:00:00,242.82000000
2015-07-08 00:00:00,244.22000000
2015-07-07 00:00:00,244.46000000
2015-07-06 00:00:00,234.33000000
2015-07-05 00:00:00,231.16000000
2015-07-04 00:00:00,229.79000000
2015-07-03 00:00:00,233.67000000
2015-07-02 00:00:00,237.18000000
2015-07-01 00:00:00,229.24000000
2015-06-30 00:00:00,225.78000000
2015-06-29 00:00:00,223.52000000
2015-06-28 00:00:00,217.06000000
2015-06-27 00:00:00,215.50000000
2015-06-26 00:00:00,214.95000000
2015-06-25 00:00:00,217.07000000
2015-06-24 00:00:00,216.92000000
2015-06-23 00:00:00,213.61000000
2015-06-22 00:00:00,214.45000000
2015-06-21 00:00:00,215.11000000
2015-06-20 00:00:00,217.31000000
2015-06-19 00:00:00,216.64000000
2015-06-18 00:00:00,217.11000000
2015-06-17 00:00:00,208.27000000
2015-06-16 00:00:00,205.20000000
2015-06-15 00:00:00,203.64000000
2015-06-14 00:00:00,203.61000000
2015-06-13 00:00:00,203.29000000
2015-06-12 00:00:00,201.83000000
2015-06-11 00:00:00,202.36000000
2015-06-10 00:00:00,201.32000000
2015-06-09 00:00:00,200.78000000
2015-06-08 00:00:00,201.93000000
2015-06-07 00:00:00,201.32000000
2015-06-06 00:00:00,198.80000000
2015-06-05 00:00:00,200.36000000
2015-06-04 00:00:00,203.87000000
2015-06-03 00:00:00,204.19000000
2015-06-02 00:00:00,208.44000000
2015-06-01 00:00:00,212.07000000
2015-05-31 00:00:00,214.45000000
2015-05-30 00:00:00,215.37000000
2015-05-29 00:00:00,213.85000000
2015-05-28 00:00:00,214.45000000
2015-05-27 00:00:00,212.64000000
2015-05-26 00:00:00,214.14000000
2015-05-25 00:00:00,210.32000000
2015-05-24 00:00:00,212.33000000
2015-05-23 00:00:00,209.30000000
2015-05-22 00:00:00,207.69000000
2015-05-21 00:00:00,205.05000000
2015-05-20 00:00:00,203.18000000
2015-05-19 00:00:00,205.24000000
2015-05-18 00:00:00,206.40000000
2015-05-17 00:00:00,209.02000000
2015-05-16 00:00:00,208.62000000
2015-05-15 00:00:00,208.80000000
2015-05-14 00:00:00,215.17000000
2015-05-13 00:00:00,215.37000000
2015-05-12 00:00:00,212.96000000
2015-05-11 00:00:00,214.76000000
2015-05-10 00:00:00,212.64000000
2015-05-09 00:00:00,210.71000000
2015-05-08 00:00:00,203.68000000
2015-05-07 00:00:00,210.78000000
2015-05-06 00:00:00,213.51000000
2015-05-05 00:00:00,213.42000000
2015-05-04 00:00:00,210.85000000
2015-05-03 00:00:00,208.28000000
2015-05-02 00:00:00,210.57000000
2015-05-01 00:00:00,204.71000000
2015-04-30 00:00:00,206.80000000
2015-04-29 00:00:00,209.80000000
2015-04-28 00:00:00,203.44000000
2015-04-27 00:00:00,208.06000000
2015-04-26 00:00:00,213.22000000
2015-04-25 00:00:00,215.84000000
2015-04-24 00:00:00,217.41000000
2015-04-23 00:00:00,218.21000000
2015-04-22 00:00:00,208.81000000
2015-04-21 00:00:00,208.09000000
2015-04-20 00:00:00,207.21000000
2015-04-19 00:00:00,208.69000000
2015-04-18 00:00:00,213.06000000
2015-04-17 00:00:00,210.04000000
2015-04-16 00:00:00,206.47000000
2015-04-15 00:00:00,214.13000000
2015-04-14 00:00:00,223.43000000
2015-04-13 00:00:00,223.09000000
2015-04-12 00:00:00,223.16000000
2015-04-11 00:00:00,227.87000000
2015-04-10 00:00:00,227.42000000
2015-04-09 00:00:00,233.17000000
2015-04-08 00:00:00,231.88000000
2015-04-07 00:00:00,235.99000000
2015-04-06 00:00:00,232.63000000
2015-04-05 00:00:00,231.86000000
2015-04-04 00:00:00,232.73000000
2015-04-03 00:00:00,228.92000000
2015-04-02 00:00:00,228.45000000
2015-04-01 00:00:00,229.01000000
2015-03-31 00:00:00,224.16000000
2015-03-30 00:00:00,232.46000000
2015-03-29 00:00:00,228.33000000
2015-03-28 00:00:00,230.54000000
2015-03-27 00:00:00,226.80000000
2015-03-26 00:00:00,230.44000000
2015-03-25 00:00:00,244.26000000
2015-03-24 00:00:00,249.25000000
2015-03-23 00:00:00,242.62000000
2015-03-22 00:00:00,245.53000000
2015-03-21 00:00:00,249.41000000
2015-03-20 00:00:00,242.09000000
2015-03-19 00:00:00,270.05000000
2015-03-18 00:00:00,275.27000000
2015-03-17 00:00:00,273.10000000
2015-03-16 00:00:00,269.87000000
2015-03-15 00:00:00,273.38000000
2015-03-14 00:00:00,278.62000000
2015-03-13 00:00:00,278.72000000
2015-03-12 00:00:00,270.87000000
2015-03-11 00:00:00,265.39000000
2015-03-10 00:00:00,251.39000000
2015-03-09 00:00:00,252.96000000
2015-03-08 00:00:00,248.74000000
2015-03-07 00:00:00,248.40000000
2015-03-06 00:00:00,245.42000000
2015-03-05 00:00:00,247.94000000
2015-03-04 00:00:00,242.72000000
2015-03-03 00:00:00,224.59000000
2015-03-02 00:00:00,220.78000000
2015-03-01 00:00:00,221.50000000
2015-02-28 00:00:00,210.06000000
2015-02-27 00:00:00,209.91000000
2015-02-26 00:00:00,209.32000000
2015-02-25 00:00:00,211.16000000
2015-02-24 00:00:00,207.61000000
2015-02-23 00:00:00,214.21000000
2015-02-22 00:00:00,214.86000000
2015-02-21 00:00:00,212.92000000
2015-02-20 00:00:00,206.45000000
2015-02-19 00:00:00,213.72000000
2015-02-18 00:00:00,208.17000000
2015-02-17 00:00:00,204.96000000
2015-02-16 00:00:00,222.03000000
2015-02-15 00:00:00,203.58000000
2015-02-14 00:00:00,196.04000000
2015-02-13 00:00:00,195.18000000
2015-02-12 00:00:00,195.50000000
2015-02-11 00:00:00,194.91000000
2015-02-10 00:00:00,197.04000000
2015-02-09 00:00:00,200.40000000
2015-02-08 00:00:00,197.30000000
2015-02-07 00:00:00,191.22000000
2015-02-06 00:00:00,201.25000000
2015-02-05 00:00:00,200.75000000
2015-02-04 00:00:00,209.90000000
2015-02-03 00:00:00,200.84000000
2015-02-02 00:00:00,194.22000000
2015-02-01 00:00:00,206.03000000
2015-01-31 00:00:00,206.19000000
2015-01-30 00:00:00,212.53000000
2015-01-29 00:00:00,232.93000000
2015-01-28 00:00:00,239.97000000
2015-01-27 00:00:00,227.59000000
2015-01-26 00:00:00,220.42000000
2015-01-25 00:00:00,207.79000000
2015-01-24 00:00:00,204.59000000
2015-01-23 00:00:00,196.88000000
2015-01-22 00:00:00,183.91000000
2015-01-21 00:00:00,188.12000000
2015-01-20 00:00:00,182.05000000
2015-01-19 00:00:00,174.43000000
2015-01-18 00:00:00,179.94000000
2015-01-17 00:00:00,183.81000000
2015-01-16 00:00:00,149.91000000
2015-01-15 00:00:00,192.31000000
2015-01-14 00:00:00,227.09000000
2015-01-13 00:00:00,228.02000000
2015-01-12 00:00:00,234.06000000
2015-01-11 00:00:00,246.20000000
2015-01-10 00:00:00,241.72000000
2015-01-09 00:00:00,250.05000000
2015-01-08 00:00:00,241.68000000
2015-01-07 00:00:00,229.58000000
2015-01-06 00:00:00,223.06000000
2015-01-05 00:00:00,241.29000000
2015-01-04 00:00:00,264.51000000
2015-01-03 00:00:00,262.66000000
2015-01-02 00:00:00,264.93000000
2015-01-01 00:00:00,257.04000000
2014-12-31 00:00:00,258.82000000
2014-12-30 00:00:00,262.25000000
2014-12-29 00:00:00,261.34000000
2014-12-28 00:00:00,270.56000000
2014-12-27 00:00:00,261.75000000
2014-12-26 00:00:00,264.68000000
2014-12-25 00:00:00,274.81000000
2014-12-24 00:00:00,271.15000000
2014-12-23 00:00:00,262.84000000
2014-12-22 00:00:00,268.97000000
2014-12-21 00:00:00,260.94000000
2014-12-20 00:00:00,255.21000000
2014-12-19 00:00:00,261.87000000
2014-12-18 00:00:00,267.19000000
2014-12-17 00:00:00,280.63000000
2014-12-16 00:00:00,284.19000000
2014-12-15 00:00:00,282.45000000
2014-12-14 00:00:00,286.24000000
2014-12-13 00:00:00,283.64000000
2014-12-12 00:00:00,282.45000000
2014-12-11 00:00:00,285.88000000
2014-12-10 00:00:00,296.66000000
2014-12-09 00:00:00,303.87000000
2014-12-08 00:00:00,302.93000000
2014-12-07 00:00:00,304.78000000
2014-12-06 00:00:00,298.84000000
2014-12-05 00:00:00,304.18000000
2014-12-04 00:00:00,304.56000000
2014-12-03 00:00:00,303.48000000
2014-12-02 00:00:00,301.01000000
2014-12-01 00:00:00,303.46000000
2014-11-30 00:00:00,302.66000000
2014-11-29 00:00:00,296.01000000
2014-11-28 00:00:00,294.48000000
2014-11-27 00:00:00,301.42000000
2014-11-26 00:00:00,304.58000000
2014-11-25 00:00:00,296.20000000
2014-11-24 00:00:00,287.06000000
2014-11-23 00:00:00,284.05000000
2014-11-22 00:00:00,285.82000000
2014-11-21 00:00:00,303.89000000
2014-11-20 00:00:00,302.93000000
2014-11-19 00:00:00,311.34000000
2014-11-18 00:00:00,309.99000000
2014-11-17 00:00:00,306.19000000
2014-11-16 00:00:00,318.33000000
2014-11-15 00:00:00,331.74000000
2014-11-14 00:00:00,326.18000000
2014-11-13 00:00:00,293.86000000
2014-11-12 00:00:00,290.72000000
2014-11-11 00:00:00,286.67000000
2014-11-10 00:00:00,275.00000000
2014-11-09 00:00:00,274.30000000
2014-11-08 00:00:00,278.41000000
2014-11-07 00:00:00,269.98000000
2014-11-06 00:00:00,261.41000000
2014-11-05 00:00:00,260.64000000
2014-11-04 00:00:00,259.84000000
2014-11-03 00:00:00,260.08000000
2014-11-02 00:00:00,270.01000000
2014-11-01 00:00:00,274.10000000
2014-10-31 00:00:00,268.03000000
2014-10-30 00:00:00,281.89000000
2014-10-29 00:00:00,280.74000000
2014-10-28 00:00:00,281.63000000
2014-10-27 00:00:00,276.64000000
2014-10-26 00:00:00,282.96000000
2014-10-25 00:00:00,283.53000000
2014-10-24 00:00:00,301.09000000
2014-10-23 00:00:00,302.46000000
2014-10-22 00:00:00,299.20000000
2014-10-21 00:00:00,304.33000000
2014-10-20 00:00:00,306.62000000
2014-10-19 00:00:00,299.53000000
2014-10-18 00:00:00,300.26000000
2014-10-17 00:00:00,310.88000000
2014-10-16 00:00:00,316.85000000
2014-10-15 00:00:00,306.11000000
2014-10-14 00:00:00,298.47000000
2014-10-13 00:00:00,288.56000000
2014-10-12 00:00:00,285.52000000
2014-10-11 00:00:00,283.47000000
2014-10-10 00:00:00,280.45000000
2014-10-09 00:00:00,263.13000000
2014-10-08 00:00:00,261.62000000
2014-10-07 00:00:00,258.56000000
2014-10-06 00:00:00,263.45000000
2014-10-05 00:00:00,284.22000000
2014-10-04 00:00:00,294.37000000
2014-10-03 00:00:00,303.39000000
2014-10-02 00:00:00,307.35000000
2014-10-01 00:00:00,291.70000000
2014-09-30 00:00:00,296.87000000
2014-09-29 00:00:00,314.83000000
2014-09-28 00:00:00,318.65000000
2014-09-27 00:00:00,319.65000000
2014-09-26 00:00:00,328.27000000
2014-09-25 00:00:00,340.77000000
2014-09-24 00:00:00,312.12000000
2014-09-23 00:00:00,311.72000000
2014-09-22 00:00:00,320.71000000
2014-09-21 00:00:00,308.98000000
2014-09-20 00:00:00,331.25000000
2014-09-19 00:00:00,353.98000000
2014-09-18 00:00:00,359.56000000
2014-09-17 00:00:00,363.43000000
2014-09-16 00:00:00,364.67000000
2014-09-15 00:00:00,365.85000000
2014-09-14 00:00:00,367.49000000
2014-09-13 00:00:00,369.29000000
2014-09-12 00:00:00,368.35000000
2014-09-11 00:00:00,366.01000000
2014-09-10 00:00:00,365.21000000
2014-09-09 00:00:00,371.31000000
2014-09-08 00:00:00,371.31000000
2014-09-07 00:00:00,369.91000000
2014-09-06 00:00:00,379.72000000
2014-09-05 00:00:00,361.60000000
2014-09-04 00:00:00,361.35000000
2014-09-03 00:00:00,364.22000000
2014-09-02 00:00:00,368.43000000
2014-09-01 00:00:00,384.20000000
2014-08-31 00:00:00,386.60000000
2014-08-30 00:00:00,382.91000000
2014-08-29 00:00:00,387.64000000
2014-08-28 00:00:00,388.19000000
2014-08-27 00:00:00,382.03000000
2014-08-26 00:00:00,388.00000000
2014-08-25 00:00:00,379.74000000
2014-08-24 00:00:00,392.57000000
2014-08-23 00:00:00,395.87000000
2014-08-22 00:00:00,393.18000000
2014-08-21 00:00:00,370.00000000
2014-08-20 00:00:00,351.65000000
2014-08-19 00:00:00,376.43000000
2014-08-18 00:00:00,396.28000000
2014-08-17 00:00:00,376.90000000
2014-08-16 00:00:00,382.63000000
2014-08-15 00:00:00,411.11000000
2014-08-14 00:00:00,428.29000000
2014-08-13 00:00:00,430.67000000
2014-08-12 00:00:00,438.43000000
2014-08-11 00:00:00,438.74000000
2014-08-10 00:00:00,440.93000000
2014-08-09 00:00:00,439.06000000
2014-08-08 00:00:00,434.24000000
2014-08-07 00:00:00,435.38000000
2014-08-06 00:00:00,437.92000000
2014-08-05 00:00:00,436.27000000
2014-08-04 00:00:00,440.63000000
2014-08-03 00:00:00,445.47000000
2014-08-02 00:00:00,436.27000000
2014-08-01 00:00:00,421.20000000
2014-07-31 00:00:00,436.82000000
2014-07-30 00:00:00,439.12000000
2014-07-29 00:00:00,443.78000000
2014-07-28 00:00:00,445.81000000
2014-07-27 00:00:00,449.51000000
2014-07-26 00:00:00,448.24000000
2014-07-25 00:00:00,459.44000000
2014-07-24 00:00:00,460.57000000
2014-07-23 00:00:00,456.38000000
2014-07-22 00:00:00,458.55000000
2014-07-21 00:00:00,462.08000000
2014-07-20 00:00:00,462.86000000
2014-07-19 00:00:00,460.00000000
2014-07-18 00:00:00,456.43000000
2014-07-17 00:00:00,458.13000000
2014-07-16 00:00:00,454.32000000
2014-07-15 00:00:00,461.70000000
2014-07-14 00:00:00,467.03000000
2014-07-13 00:00:00,463.24000000
2014-07-12 00:00:00,451.97000000
2014-07-11 00:00:00,457.46000000
2014-07-10 00:00:00,457.56000000
2014-07-09 00:00:00,457.89000000
2014-07-08 00:00:00,465.40000000
2014-07-07 00:00:00,461.95000000
2014-07-06 00:00:00,463.17000000
2014-07-05 00:00:00,467.91000000
2014-07-04 00:00:00,472.51000000
2014-07-03 00:00:00,467.41000000
2014-07-02 00:00:00,463.96000000
2014-07-01 00:00:00,438.91000000
2014-06-30 00:00:00,437.10000000
2014-06-29 00:00:00,437.22000000
2014-06-28 00:00:00,425.66000000
2014-06-27 00:00:00,412.46000000
2014-06-26 00:00:00,426.56000000
2014-06-25 00:00:00,431.94000000
2014-06-24 00:00:00,448.14000000
2014-06-23 00:00:00,438.04000000
2014-06-22 00:00:00,437.19000000
2014-06-21 00:00:00,438.55000000
2014-06-20 00:00:00,446.48000000
2014-06-19 00:00:00,446.32000000
2014-06-18 00:00:00,439.42000000
2014-06-17 00:00:00,432.51000000
2014-06-16 00:00:00,419.62000000
2014-06-15 00:00:00,436.01000000
2014-06-14 00:00:00,420.97000000
2014-06-13 00:00:00,463.14000000
2014-06-12 00:00:00,477.90000000
2014-06-11 00:00:00,475.19000000
2014-06-10 00:00:00,480.63000000
2014-06-09 00:00:00,480.76000000
2014-06-08 00:00:00,480.69000000
2014-06-07 00:00:00,487.33000000
2014-06-06 00:00:00,476.13000000
2014-06-05 00:00:00,491.99000000
2014-06-04 00:00:00,481.23000000
2014-06-03 00:00:00,464.27000000
2014-06-02 00:00:00,456.74000000
2014-06-01 00:00:00,451.36000000
2014-05-31 00:00:00,417.76000000
2014-05-30 00:00:00,422.29000000
2014-05-29 00:00:00,421.19000000
2014-05-28 00:00:00,426.03000000
2014-05-27 00:00:00,418.97000000
2014-05-26 00:00:00,385.70000000
2014-05-25 00:00:00,382.72000000
2014-05-24 00:00:00,381.03000000
2014-05-23 00:00:00,358.95000000
2014-05-22 00:00:00,354.09000000
2014-05-21 00:00:00,325.78000000
2014-05-20 00:00:00,325.29000000
2014-05-19 00:00:00,329.19000000
2014-05-18 00:00:00,327.82000000
2014-05-17 00:00:00,327.55000000
2014-05-16 00:00:00,324.69000000
2014-05-15 00:00:00,320.00000000
2014-05-14 00:00:00,320.34000000
2014-05-13 00:00:00,319.06000000
2014-05-12 00:00:00,328.95000000
2014-05-11 00:00:00,327.29000000
2014-05-10 00:00:00,319.20000000
2014-05-09 00:00:00,318.25000000
2014-05-08 00:00:00,310.39000000
2014-05-07 00:00:00,311.73000000
2014-05-06 00:00:00,315.18000000
2014-05-05 00:00:00,316.09000000
2014-05-04 00:00:00,326.36000000
2014-05-03 00:00:00,332.38000000
2014-05-02 00:00:00,324.54000000
2014-05-01 00:00:00,322.34000000
2014-04-30 00:00:00,319.60000000
2014-04-29 00:00:00,319.10000000
2014-04-28 00:00:00,331.96000000
2014-04-27 00:00:00,337.72000000
2014-04-26 00:00:00,359.33000000
2014-04-25 00:00:00,355.88000000
2014-04-24 00:00:00,353.78000000
2014-04-23 00:00:00,360.13000000
2014-04-22 00:00:00,363.76000000
2014-04-21 00:00:00,363.17000000
2014-04-20 00:00:00,352.06000000
2014-04-19 00:00:00,364.31000000
2014-04-18 00:00:00,377.08000000
2014-04-17 00:00:00,376.87000000
2014-04-16 00:00:00,335.33000000
2014-04-15 00:00:00,302.83000000
2014-04-14 00:00:00,310.00000000
2014-04-13 00:00:00,306.21000000
2014-04-12 00:00:00,275.98000000
2014-04-11 00:00:00,325.74000000
2014-04-10 00:00:00,332.24000000
2014-04-09 00:00:00,331.75000000
2014-04-08 00:00:00,336.82000000
2014-04-07 00:00:00,336.70000000
2014-04-06 00:00:00,331.41000000
2014-04-05 00:00:00,326.56000000
2014-04-04 00:00:00,321.96000000
2014-04-03 00:00:00,357.65000000
2014-04-02 00:00:00,335.11000000
2014-04-01 00:00:00,339.86000000
2014-03-31 00:00:00,364.35000000
2014-03-30 00:00:00,373.04000000
2014-03-29 00:00:00,368.74000000
2014-03-28 00:00:00,425.07000000
2014-03-27 00:00:00,422.81000000
2014-03-26 00:00:00,422.58000000
2014-03-25 00:00:00,411.78000000
2014-03-24 00:00:00,414.39000000
2014-03-23 00:00:00,416.32000000
2014-03-22 00:00:00,426.41000000
2014-03-21 00:00:00,442.94000000
2014-03-20 00:00:00,445.54000000
2014-03-19 00:00:00,449.52000000
2014-03-18 00:00:00,459.13000000
2014-03-17 00:00:00,460.14000000
2014-03-16 00:00:00,458.52000000
2014-03-15 00:00:00,464.64000000
2014-03-14 00:00:00,459.04000000
2014-03-13 00:00:00,459.89000000
2014-03-12 00:00:00,456.49000000
2014-03-11 00:00:00,465.87000000
2014-03-10 00:00:00,455.70000000
2014-03-09 00:00:00,463.74000000
2014-03-08 00:00:00,481.13000000
2014-03-07 00:00:00,489.40000000
2014-03-06 00:00:00,490.98000000
2014-03-05 00:00:00,474.17000000
2014-03-04 00:00:00,412.89000000
2014-03-03 00:00:00,420.17000000
2014-03-02 00:00:00,416.86000000
2014-03-01 00:00:00,432.31000000
2014-02-28 00:00:00,430.63000000
2014-02-27 00:00:00,198.75000000
2014-02-26 00:00:00,153.64000000
2014-02-25 00:00:00,272.64000000
2014-02-24 00:00:00,210.87000000
2014-02-23 00:00:00,113.00000000
2014-02-22 00:00:00,115.19000000
2014-02-21 00:00:00,213.75000000
2014-02-20 00:00:00,232.03000000
2014-02-19 00:00:00,238.84000000
2014-02-18 00:00:00,240.54000000
2014-02-17 00:00:00,285.68000000
2014-02-16 00:00:00,352.47000000
2014-02-15 00:00:00,374.42000000
2014-02-14 00:00:00,415.27000000
2014-02-13 00:00:00,455.32000000
2014-02-12 00:00:00,452.82000000
2014-02-11 00:00:00,500.06000000
2014-02-10 00:00:00,493.63000000
2014-02-09 00:00:00,522.84000000
2014-02-08 00:00:00,603.43000000
2014-02-07 00:00:00,643.13000000
2014-02-06 00:00:00,650.88000000
2014-02-05 00:00:00,651.09000000
2014-02-04 00:00:00,651.06000000
2014-02-03 00:00:00,650.38000000
2014-02-02 00:00:00,642.18000000
2014-02-01 00:00:00,652.39000000
2014-01-31 00:00:00,655.53000000
2014-01-30 00:00:00,644.67000000
2014-01-29 00:00:00,633.64000000
2014-01-28 00:00:00,704.66000000
2014-01-27 00:00:00,668.76000000
2014-01-26 00:00:00,627.47000000
2014-01-25 00:00:00,650.27000000
2014-01-24 00:00:00,653.83000000
2014-01-23 00:00:00,676.30000000
2014-01-22 00:00:00,671.96000000
2014-01-21 00:00:00,650.80000000
2014-01-20 00:00:00,626.19000000
2014-01-19 00:00:00,626.76000000
2014-01-18 00:00:00,646.10000000
2014-01-17 00:00:00,662.14000000
2014-01-16 00:00:00,637.92000000
2014-01-15 00:00:00,655.45000000
2014-01-14 00:00:00,669.41000000
2014-01-13 00:00:00,694.96000000
2014-01-12 00:00:00,657.02000000
2014-01-11 00:00:00,661.81000000
2014-01-10 00:00:00,645.15000000
2014-01-09 00:00:00,631.44000000
2014-01-08 00:00:00,703.84000000
2014-01-07 00:00:00,706.90000000
2014-01-06 00:00:00,647.58000000
2014-01-05 00:00:00,616.11000000
2014-01-04 00:00:00,599.98000000
2014-01-03 00:00:00,569.83000000
2014-01-02 00:00:00,566.94000000
2014-01-01 00:00:00,567.19000000
2013-12-31 00:00:00,556.17000000
2013-12-30 00:00:00,547.63000000
2013-12-29 00:00:00,565.92000000
2013-12-28 00:00:00,569.24000000
2013-12-27 00:00:00,507.84000000
2013-12-26 00:00:00,493.67000000
2013-12-25 00:00:00,511.34000000
2013-12-24 00:00:00,464.46000000
2013-12-23 00:00:00,465.70000000
2013-12-22 00:00:00,481.97000000
2013-12-21 00:00:00,528.25000000
2013-12-20 00:00:00,396.42000000
2013-12-19 00:00:00,515.89000000
2013-12-18 00:00:00,547.22000000
2013-12-17 00:00:00,658.39000000
2013-12-16 00:00:00,652.14000000
2013-12-15 00:00:00,666.57000000
2013-12-14 00:00:00,642.30000000
2013-12-13 00:00:00,665.32000000
2013-12-12 00:00:00,739.89000000
2013-12-11 00:00:00,675.61000000
2013-12-10 00:00:00,591.71000000
2013-12-09 00:00:00,509.97000000
2013-12-08 00:00:00,612.81000000
2013-12-07 00:00:00,796.93000000
2013-12-06 00:00:00,876.60000000
2013-12-05 00:00:00,829.34000000
2013-12-04 00:00:00,790.45000000
2013-12-03 00:00:00,738.58000000
2013-12-02 00:00:00,865.31000000
2013-12-01 00:00:00,875.99000000
2013-11-30 00:00:00,826.37000000
2013-11-29 00:00:00,779.33000000
2013-11-28 00:00:00,706.51000000
2013-11-27 00:00:00,603.79000000
2013-11-26 00:00:00,598.45000000
2013-11-25 00:00:00,625.23000000
2013-11-24 00:00:00,585.03000000
2013-11-23 00:00:00,551.30000000
2013-11-22 00:00:00,467.63000000
2013-11-21 00:00:00,479.95000000
2013-11-20 00:00:00,582.53000000
2013-11-19 00:00:00,388.61000000
2013-11-18 00:00:00,341.77000000
2013-11-17 00:00:00,326.11000000
2013-11-16 00:00:00,318.31000000
2013-11-15 00:00:00,318.05000000
2013-11-14 00:00:00,277.45000000
2013-11-13 00:00:00,267.13000000
2013-11-12 00:00:00,253.69000000
2013-11-11 00:00:00,274.99000000
2013-11-10 00:00:00,259.00000000
2013-11-09 00:00:00,227.92000000
2013-11-08 00:00:00,196.51000000
2013-11-07 00:00:00,181.90000000
2013-11-06 00:00:00,173.32000000
2013-11-05 00:00:00,163.90000000
2013-11-04 00:00:00,155.92000000
2013-11-03 00:00:00,153.39000000
2013-11-02 00:00:00,152.83000000
2013-11-01 00:00:00,151.38000000
2013-10-31 00:00:00,154.93000000
2013-10-30 00:00:00,148.53000000
2013-10-29 00:00:00,147.24000000
2013-10-28 00:00:00,139.85000000
2013-10-27 00:00:00,142.87000000
2013-10-26 00:00:00,146.97000000
2013-10-25 00:00:00,164.55000000
2013-10-24 00:00:00,145.94000000
2013-10-23 00:00:00,138.84000000
2013-10-22 00:00:00,132.99000000
2013-10-21 00:00:00,130.51000000
2013-10-20 00:00:00,119.96000000
2013-10-19 00:00:00,113.43000000
2013-10-18 00:00:00,111.97000000
2013-10-17 00:00:00,113.89000000
2013-10-16 00:00:00,108.44000000
2013-10-15 00:00:00,105.63000000
2013-10-14 00:00:00,102.10000000
2013-10-13 00:00:00,102.01000000
2013-10-12 00:00:00,102.21000000
2013-10-11 00:00:00,101.51000000
2013-10-10 00:00:00,99.64000000
2013-10-09 00:00:00,99.45000000
2013-10-08 00:00:00,98.55000000
2013-10-07 00:00:00,99.58000000
2013-10-06 00:00:00,99.49000000
2013-10-05 00:00:00,94.10000000
2013-10-04 00:00:00,89.93000000
2013-10-03 00:00:00,102.40000000
2013-10-02 00:00:00,102.79000000
2013-10-01 00:00:00,104.49000000
2013-09-30 00:00:00,103.53000000
2013-09-29 00:00:00,101.00000000
2013-09-28 00:00:00,98.80000000
2013-09-27 00:00:00,100.73000000
2013-09-26 00:00:00,97.30000000
2013-09-25 00:00:00,98.65000000
2013-09-24 00:00:00,99.19000000
2013-09-23 00:00:00,98.98000000
2013-09-22 00:00:00,98.50000000
2013-09-21 00:00:00,100.01000000
2013-09-20 00:00:00,103.43000000
2013-09-19 00:00:00,103.33000000
2013-09-18 00:00:00,104.77000000
2013-09-17 00:00:00,102.96000000
2013-09-16 00:00:00,101.98000000
2013-09-15 00:00:00,104.80000000
2013-09-14 00:00:00,104.00000000
2013-09-13 00:00:00,105.17000000
2013-09-12 00:00:00,99.03000000
2013-09-11 00:00:00,99.20000000
2013-09-10 00:00:00,96.00000000
2013-09-09 00:00:00,97.81000000
2013-09-08 00:00:00,93.70000000
2013-09-07 00:00:00,99.30000000
2013-09-06 00:00:00,100.10000000
2013-09-05 00:00:00,107.25000000
2013-09-04 00:00:00,106.15000000
2013-09-03 00:00:00,108.36000000
2013-09-02 00:00:00,105.32000000
2013-09-01 00:00:00,101.36000000
2013-08-31 00:00:00,95.27000000
2013-08-30 00:00:00,95.20000000
2013-08-29 00:00:00,96.25000000
2013-08-28 00:00:00,88.70000000
2013-08-27 00:00:00,89.95000000
2013-08-26 00:00:00,88.30000000
2013-08-25 00:00:00,87.50000000
2013-08-24 00:00:00,89.99000000
2013-08-23 00:00:00,89.83000000
2013-08-22 00:00:00,89.90000000
2013-08-21 00:00:00,88.00000000
2013-08-20 00:00:00,83.41000000
2013-08-19 00:00:00,82.75000000
2013-08-18 00:00:00,81.77000000
2013-08-17 00:00:00,82.24000000
2013-08-16 00:00:00,82.77000000
2013-08-15 00:00:00,80.60000000
2013-08-14 00:00:00,79.11000000
2013-08-13 00:00:00,77.70000000
2013-08-12 00:00:00,76.90000000
2013-08-11 00:00:00,76.89000000
2013-08-10 00:00:00,77.80000000
2013-08-09 00:00:00,79.00000000
2013-08-08 00:00:00,79.20000000
2013-08-07 00:00:00,80.95000000
2013-08-06 00:00:00,78.10000000
2013-08-05 00:00:00,77.58000000
2013-08-04 00:00:00,78.50000000
2013-08-03 00:00:00,78.00000000
2013-08-02 00:00:00,77.80000000
2013-08-01 00:00:00,79.48000000
2013-07-31 00:00:00,75.37000000
2013-07-30 00:00:00,74.00000000
2013-07-29 00:00:00,70.50000000
2013-07-28 00:00:00,72.36000000
2013-07-27 00:00:00,72.98000000
2013-07-26 00:00:00,71.99000000
2013-07-25 00:00:00,73.00000000
2013-07-24 00:00:00,70.00000000
2013-07-23 00:00:00,69.27000000
2013-07-22 00:00:00,69.80000000
2013-07-21 00:00:00,70.15000000
2013-07-20 00:00:00,70.65000000
2013-07-19 00:00:00,75.30000000
2013-07-18 00:00:00,73.81000000
2013-07-17 00:00:00,74.59000000
2013-07-16 00:00:00,73.44000000
2013-07-15 00:00:00,74.00000000
2013-07-14 00:00:00,72.60000000
2013-07-13 00:00:00,68.76000000
2013-07-12 00:00:00,68.50000000
2013-07-11 00:00:00,60.85000000
2013-07-10 00:00:00,59.60000000
2013-07-09 00:00:00,59.00000000
2013-07-08 00:00:00,53.60000000
2013-07-07 00:00:00,53.54000000
2013-07-06 00:00:00,61.43000000
2013-07-05 00:00:00,60.00000000
2013-07-04 00:00:00,69.00000000
2013-07-03 00:00:00,66.32000000
2013-07-02 00:00:00,73.90000000
2013-07-01 00:00:00,71.50000000
2013-06-30 00:00:00,72.50000000
2013-06-29 00:00:00,77.50000000
2013-06-28 00:00:00,78.91000000
2013-06-27 00:00:00,79.44000000
2013-06-26 00:00:00,77.09000000
2013-06-25 00:00:00,80.90000000
2013-06-24 00:00:00,81.00000000
2013-06-23 00:00:00,82.70000000
2013-06-22 00:00:00,82.00000000
2013-06-21 00:00:00,80.12000000
2013-06-20 00:00:00,80.07000000
2013-06-19 00:00:00,76.79000000
2013-06-18 00:00:00,74.65000000
2013-06-17 00:00:00,75.20000000
2013-06-16 00:00:00,75.90000000
2013-06-15 00:00:00,77.53000000
2013-06-14 00:00:00,82.73000000
2013-06-13 00:00:00,83.44000000
2013-06-12 00:00:00,80.74000000
2013-06-11 00:00:00,76.49000000
2013-06-10 00:00:00,82.31000000
2013-06-09 00:00:00,87.00000000
2013-06-08 00:00:00,92.74000000
2013-06-07 00:00:00,93.25000000
2013-06-06 00:00:00,95.00000000
2013-06-05 00:00:00,94.00000000
2013-06-04 00:00:00,95.49000000
2013-06-03 00:00:00,100.00000000
2013-06-02 00:00:00,99.57000000
2013-06-01 00:00:00,99.60000000
2013-05-31 00:00:00,102.00000000
2013-05-30 00:00:00,99.80000000
2013-05-29 00:00:00,101.50000000
2013-05-28 00:00:00,102.29000000
2013-05-27 00:00:00,101.00000000
2013-05-26 00:00:00,102.00000000
2013-05-25 00:00:00,96.00000000
2013-05-24 00:00:00,94.41000000
2013-05-23 00:00:00,93.28000000
2013-05-22 00:00:00,92.50000000
2013-05-21 00:00:00,93.90000000
2013-05-20 00:00:00,93.65000000
2013-05-19 00:00:00,93.10000000
2013-05-18 00:00:00,91.11000000
2013-05-17 00:00:00,87.95000000
2013-05-16 00:00:00,86.01000000
2013-05-15 00:00:00,90.09000000
2013-05-14 00:00:00,89.80000000
2013-05-13 00:00:00,90.00000000
2013-05-12 00:00:00,88.11000000
2013-05-11 00:00:00,85.30000000
2013-05-10 00:00:00,85.00000000
2013-05-09 00:00:00,85.00000000
2013-05-08 00:00:00,85.04000000
2013-05-07 00:00:00,88.33000000
2013-05-06 00:00:00,84.49000000
2013-05-05 00:00:00,75.00000000
2013-05-04 00:00:00,81.18000000
2013-05-03 00:00:00,90.00000000
2013-05-02 00:00:00,105.55000000
2013-05-01 00:00:00,109.00000000
2013-04-30 00:00:00,104.00000000
2013-04-29 00:00:00,100.70000000
2013-04-28 00:00:00,105.00000000
2013-04-27 00:00:00,108.80000000
2013-04-26 00:00:00,119.00000000
2013-04-25 00:00:00,109.68000000
2013-04-24 00:00:00,95.00000000
2013-04-23 00:00:00,92.00000000
2013-04-22 00:00:00,98.15000000
2013-04-21 00:00:00,91.51000000
2013-04-20 00:00:00,82.50000000
2013-04-19 00:00:00,71.50000000
2013-04-18 00:00:00,51.10000000
2013-04-17 00:00:00,63.00000000
2013-04-16 00:00:00,67.40000000
2013-04-15 00:00:00,71.00000000
2013-04-14 00:00:00,88.00000000
2013-04-13 00:00:00,92.00000000
2013-04-12 00:00:00,127.01000000
2013-04-11 00:00:00,180.10000000
2013-04-10 00:00:00,143.63000000
2013-04-09 00:00:00,127.16000000
2013-04-08 00:00:00,111.97000000
2013-04-07 00:00:00,108.50000000
2013-04-06 00:00:00,104.00000000
2013-04-05 00:00:00,102.99000000
2013-04-04 00:00:00,92.19000000
2013-04-03 00:00:00,80.77000000
2013-04-02 00:00:00,73.74000000
2013-04-01 00:00:00,72.27000000
2013-03-31 00:00:00,70.86000000
2013-03-30 00:00:00,70.63000000
2013-03-29 00:00:00,69.25000000
2013-03-28 00:00:00,60.93000000
2013-03-27 00:00:00,56.75000000
2013-03-26 00:00:00,55.15000000
2013-03-25 00:00:00,49.65000000
2013-03-24 00:00:00,53.97000000
2013-03-23 00:00:00,56.00000000
2013-03-22 00:00:00,49.82000000
2013-03-21 00:00:00,46.00000000
2013-03-20 00:00:00,39.50000000
2013-03-19 00:00:00,36.65000000
2013-03-18 00:00:00,36.50000000
2013-03-17 00:00:00,36.40000000
2013-03-16 00:00:00,36.52000000
2013-03-15 00:00:00,36.42000000
2013-03-14 00:00:00,33.18000000
2013-03-13 00:00:00,37.15000000
2013-03-12 00:00:00,35.70000000
2013-03-11 00:00:00,35.80000000
2013-03-10 00:00:00,33.59000000
2013-03-09 00:00:00,31.57000000
2013-03-08 00:00:00,32.31000000
2013-03-07 00:00:00,31.47000000
2013-03-06 00:00:00,28.23000000
2013-03-05 00:00:00,26.90000000
2013-03-04 00:00:00,26.97000000
2013-03-03 00:00:00,26.70000000
2013-03-02 00:00:00,25.64000000
2013-03-01 00:00:00,23.50000000
2013-02-28 00:00:00,24.00000000
2013-02-27 00:00:00,23.21000000
2013-02-26 00:00:00,22.66000000
2013-02-25 00:00:00,22.68000000
2013-02-24 00:00:00,23.00000000
2013-02-23 00:00:00,22.51000000
2013-02-22 00:00:00,22.50000000
2013-02-21 00:00:00,22.26000000
2013-02-20 00:00:00,20.34000000
2013-02-19 00:00:00,20.18000000
2013-02-18 00:00:00,20.44000000
2013-02-17 00:00:00,20.20000000
2013-02-16 00:00:00,20.12000000
2013-02-15 00:00:00,18.43000000
2013-02-14 00:00:00,18.71000000
2013-02-13 00:00:00,18.00000000
2013-02-12 00:00:00,17.47000000
2013-02-11 00:00:00,17.44000000
2013-02-10 00:00:00,16.85000000
2013-02-09 00:00:00,16.26000000
2013-02-08 00:00:00,15.84000000
2013-02-07 00:00:00,15.20000000
2013-02-06 00:00:00,15.02000000
2013-02-05 00:00:00,14.76000000
2013-02-04 00:00:00,14.37000000
2013-02-03 00:00:00,15.10000000
2013-02-02 00:00:00,15.35000000
2013-02-01 00:00:00,14.75000000
2013-01-31 00:00:00,14.56000000
2013-01-30 00:00:00,13.79000000
2013-01-29 00:00:00,13.20000000
2013-01-28 00:00:00,13.05000000
